Y,Trt,Time,X_1,X_2,X_3,ID
15.53876591,1,0,11.49482259,6.586033714,0.522127736,260005
15.0797596,1,1,11.50277411,6.586033714,0.522127736,260005
17.86691475,1,0,10.50638174,4.531523646,0.521488828,260010
15.79735756,1,1,10.515045,4.531523646,0.521488828,260010
16.19411659,1,0,9.843419026,2.468099531,0.502445127,260020
14.9206686,1,1,9.863966794,2.468099531,0.502445127,260020
14.80064869,1,0,10.08801501,4.72366408,0.517835883,260030
13.31574345,1,1,10.10454908,4.72366408,0.517835883,260030
15.59007454,1,0,10.47285563,4.127940512,0.498111497,260040
13.75427151,1,1,10.49238471,4.127940512,0.498111497,260040
18.08852768,1,0,10.65235322,3.815732345,0.511221573,260050
15.78576469,1,1,10.66501742,3.815732345,0.511221573,260050
12.20795631,1,0,9.56472269,4.145671189,0.49756523,260060
13.3166008,1,1,9.577133949,4.145671189,0.49756523,260060
15.97469139,1,0,10.55184655,4.921148128,0.503434451,260070
11.94458961,1,1,10.55218638,4.921148128,0.503434451,260070
10.45128536,1,0,10.03749383,3.895487037,0.503153939,260080
10.27097893,1,1,10.03828065,3.895487037,0.503153939,260080
14.91150475,1,0,10.02570519,4.53667719,0.499339077,260090
13.78030968,1,1,10.02945919,4.53667719,0.499339077,260090
14.53972912,1,0,9.287116211,4.459334838,0.50813566,260100
13.23042965,1,1,9.302463661,4.459334838,0.50813566,260100
16.03513336,1,0,9.882366056,5.28188306,0.502808989,260105
14.58049583,1,1,9.905784912,5.28188306,0.502808989,260105
19.34362793,1,0,11.31813854,3.709661993,0.510543065,260110
18.07971001,1,1,11.33004775,3.709661993,0.510543065,260110
15.94815159,1,0,11.19372521,5.278369729,0.529472475,260120
14.00170708,1,1,11.20032209,5.278369729,0.529472475,260120
12.09268665,1,0,9.533148246,4.713486329,0.490059487,260130
10.6017189,1,1,9.553291575,4.713486329,0.490059487,260130
20.23560715,1,0,10.64789803,5.162153942,0.511808897,260140
17.07681084,1,1,10.65327496,5.162153942,0.511808897,260140
12.84543228,1,0,9.378647517,5.036692828,0.503655421,260150
12.44743443,1,1,9.387733136,5.036692828,0.503655421,260150
17.1638546,1,0,9.937067386,2.403334996,0.508221004,260160
16.34745598,1,1,9.936535407,2.403334996,0.508221004,260160
15.85338306,1,0,11.22776022,4.716979861,0.519825491,260170
13.84729576,1,1,11.23491646,4.716979861,0.519825491,260170
15.13574123,1,0,9.432443382,2.266957915,0.499458469,260180
12.04338837,1,1,9.440578696,2.266957915,0.499458469,260180
12.63576794,1,0,11.0071703,4.783567386,0.521885866,260190
11.21157932,1,1,11.00988612,4.783567386,0.521885866,260190
13.52044296,1,0,10.52015857,3.079613758,0.498805393,260200
14.76578426,1,1,10.53398776,3.079613758,0.498805393,260200
14.03501415,1,0,10.76899013,4.050740925,0.516427488,260210
11.80805588,1,1,10.77876877,4.050740925,0.516427488,260210
12.32186031,1,0,10.56808093,5.154273771,0.511526463,260220
10.07064915,1,1,10.57070135,5.154273771,0.511526463,260220
16.02580833,1,0,10.54865174,4.55345575,0.505483682,260230
15.77676296,1,1,10.54715558,4.55345575,0.505483682,260230
19.89552116,1,0,9.104646467,4.013676659,0.509950249,260240
17.92274284,1,1,9.102755161,4.013676659,0.509950249,260240
15.01139259,1,0,8.917444732,4.230622181,0.506226906,260250
10.98459435,1,1,8.917846743,4.230622181,0.506226906,260250
14.46051121,1,0,10.79026708,4.081934542,0.509074812,260260
12.36428833,1,1,10.81222987,4.081934542,0.509074812,260260
14.2581892,1,0,9.470779708,4.901861553,0.505703119,260270
13.44912434,1,1,9.476543413,4.901861553,0.505703119,260270
15.72366428,1,0,10.93137332,3.654805474,0.507897515,260280
14.75479412,1,1,10.9529096,3.654805474,0.507897515,260280
15.91806126,1,0,12.19799511,6.026638622,0.50893663,260290
15.07823372,1,1,12.21916655,6.026638622,0.50893663,260290
17.28170013,1,0,10.40198753,2.924236272,0.512454248,260300
15.39895916,1,1,10.42100076,2.924236272,0.512454248,260300
11.75995541,1,0,9.894093567,4.653769856,0.516233594,260310
11.47639561,1,1,9.90757917,4.653769856,0.516233594,260310
14.69851971,1,0,10.23860172,4.390242789,0.504383489,260320
13.5355978,1,1,10.25153539,4.390242789,0.504383489,260320
12.70352459,1,0,9.32170284,4.51338379,0.499685393,260330
13.19806099,1,1,9.314159701,4.51338379,0.499685393,260330
14.44231796,1,0,8.656433259,3.449987546,0.51805949,260340
15.48364639,1,1,8.65538869,3.449987546,0.51805949,260340
16.23835373,1,0,11.93719924,7.945176327,0.520911495,260345
14.79322624,1,1,11.95265028,7.945176327,0.520911495,260345
11.08048534,1,0,9.805874724,5.463831805,0.513447147,260350
12.24445152,1,1,9.822277497,5.463831805,0.513447147,260350
15.54158306,1,0,9.03943342,5.381692975,0.499019127,260360
12.54289436,1,1,9.044521887,5.381692975,0.499019127,260360
14.87317562,1,0,10.12169896,4.059753117,0.495738347,260370
13.93026829,1,1,10.11855861,4.059753117,0.495738347,260370
14.44783306,1,0,9.903637541,4.064915752,0.501250447,260380
14.34928226,1,1,9.903187508,4.064915752,0.501250447,260380
14.7494154,1,0,9.865526046,3.770920164,0.506514483,260390
13.30709839,1,1,9.871996885,3.770920164,0.506514483,260390
24.40390396,1,0,9.43332391,2.462149663,0.491682227,260392
22.13934326,1,1,9.449829602,2.462149663,0.491682227,260392
13.75311756,1,0,11.29227879,6.247094649,0.524927195,260400
11.70809937,1,1,11.31305889,6.247094649,0.524927195,260400
16.76111412,1,0,12.74355967,5.835015394,0.526366096,260410
14.64974594,1,1,12.77049401,5.835015394,0.526366096,260410
11.69920349,1,0,9.560222296,4.777525578,0.50610199,260415
9.916309357,1,1,9.564301637,4.777525578,0.50610199,260415
14.51261616,1,0,10.61793134,5.206695377,0.516049709,260420
13.27080631,1,1,10.64220543,5.206695377,0.516049709,260420
13.56911469,1,0,9.343384146,4.139795825,0.499814437,260430
14.41472721,1,1,9.359363643,4.139795825,0.499814437,260430
16.48225784,1,0,9.480749116,5.545099316,0.50854563,260440
16.05574036,1,1,9.495669679,5.545099316,0.50854563,260440
15.42027378,1,0,9.958969562,5.469451578,0.504295575,260450
13.39222813,1,1,9.971239655,5.469451578,0.504295575,260450
14.59113598,1,0,10.15159685,5.601639001,0.512231282,260460
14.90861225,1,1,10.16615946,5.601639001,0.512231282,260460
12.06569099,1,0,9.792667717,3.970291914,0.505712153,260470
12.24467087,1,1,9.799958692,3.970291914,0.505712153,260470
17.18947983,1,0,9.443355043,4.811371017,0.503453261,260480
15.55432129,1,1,9.439943018,4.811371017,0.503453261,260480
14.10770512,1,0,9.544237868,4.074141855,0.504859454,260490
10.88694286,1,1,9.419952789,4.074141855,0.504859454,260490
16.61408997,1,0,10.07638989,5.400783698,0.527575887,260500
14.84961605,1,1,10.08201024,5.400783698,0.527575887,260500
14.85258865,1,0,10.48810253,3.182626692,0.508137646,260510
12.93282127,1,1,10.50435496,3.182626692,0.508137646,260510
13.40615654,1,0,9.805102651,2.397895273,0.488266241,260515
12.1711607,1,1,9.826066406,2.397895273,0.488266241,260515
23.58427048,1,0,11.11108877,5.209868593,0.509564369,260520
15.06336975,1,1,11.12489253,5.209868593,0.509564369,260520
15.81101799,1,0,10.37358493,3.163363115,0.510525983,260530
13.59138203,1,1,10.36904381,3.163363115,0.510525983,260530
13.762743,1,0,9.979522239,5.252063982,0.515239901,260540
14.00340843,1,1,9.991315263,5.252063982,0.515239901,260540
7.633587837,1,0,7.966239777,5.040517669,0.508745247,260545
8.879781723,1,1,7.997663127,5.040517669,0.508745247,260545
9.909304619,1,0,9.384965722,4.851483239,0.506386702,260550
13.63104153,1,1,9.393328373,4.851483239,0.506386702,260550
11.59343338,1,0,10.02566094,3.103240481,0.506608327,260560
10.04869366,1,1,10.02468697,3.103240481,0.506608327,260560
14.65585804,1,0,10.35631323,2.084429083,0.507222127,260570
13.51733685,1,1,10.37822994,2.084429083,0.507222127,260570
9.444629669,1,0,9.618136095,4.207673248,0.510389701,260580
8.785837173,1,1,9.631285051,4.207673248,0.510389701,260580
12.50628662,1,0,10.30310225,4.691806493,0.494769275,260590
12.01300812,1,1,10.32305279,4.691806493,0.494769275,260590
17.34477806,1,0,11.82088064,5.642651475,0.528808111,260600
15.91021919,1,1,11.8336312,5.642651475,0.528808111,260600
12.65360355,1,0,10.31261262,4.829672813,0.511837072,260610
11.7794981,1,1,10.31969476,4.829672813,0.511837072,260610
16.7073288,1,0,11.26816239,5.015423811,0.515572947,260620
14.6394825,1,1,11.27644335,5.015423811,0.515572947,260620
15.99558735,1,0,8.889032572,2.574899688,0.496571845,260630
14.91108036,1,1,8.904222737,2.574899688,0.496571845,260630
15.59439754,1,0,11.30446114,5.019661105,0.517329776,260640
12.94292927,1,1,11.32151069,5.019661105,0.517329776,260640
15.92827034,1,0,9.850086776,3.364187556,0.5,260650
13.09630299,1,1,9.855137292,3.364187556,0.5,260650
16.65316963,1,0,10.25425005,2.623943692,0.504711731,260660
14.78762436,1,1,10.26806122,2.623943692,0.504711731,260660
12.30729389,1,0,8.951440101,3.682358237,0.496814441,260670
10.61763573,1,1,8.952864142,3.682358237,0.496814441,260670
15.18225002,1,0,11.61655548,5.810781647,0.516609326,260680
13.89666843,1,1,11.64356769,5.810781647,0.516609326,260680
13.61610794,1,0,9.40244723,2.642622396,0.49783513,260690
10.87852287,1,1,9.405578154,2.642622396,0.49783513,260690
15.55224419,1,0,9.974691312,2.781300663,0.499240082,260700
15.31868362,1,1,10.01565485,2.781300663,0.499240082,260700
12.70815086,1,0,8.425954711,2.91506437,0.490658363,260710
14.27316666,1,1,8.422662708,2.91506437,0.490658363,260710
17.57731819,1,0,11.40379117,5.019859289,0.505313938,260720
17.09981918,1,1,11.43997836,5.019859289,0.505313938,260720
17.35010338,1,0,10.2866048,3.48553853,0.507290185,260730
18.9421978,1,1,10.3119814,3.48553853,0.507290185,260730
17.22671127,1,0,8.455743229,2.318458442,0.511329824,260740
16.8314743,1,1,8.477828468,2.318458442,0.511329824,260740
13.30309868,1,0,10.18338944,3.187591535,0.503275442,260750
12.30361557,1,1,10.17967886,3.187591535,0.503275442,260750
12.16216183,1,0,10.10315775,5.793562238,0.425881923,260760
12.73706245,1,1,10.14037621,5.793562238,0.425881923,260760
13.01745796,1,0,10.49844291,4.754710253,0.506073789,260765
12.04653168,1,1,10.49954547,4.754710253,0.506073789,260765
14.50635147,1,0,9.536473631,3.534853766,0.506519703,260770
13.56743813,1,1,9.525734883,3.534853766,0.506519703,260770
14.2274828,1,0,10.1469826,5.76891457,0.494846228,260775
14.1860466,1,1,10.16865558,5.76891457,0.494846228,260775
15.45002651,1,0,9.723104116,5.022102626,0.497705837,260780
12.47463322,1,1,9.729491244,5.022102626,0.497705837,260780
14.4189682,1,0,13.43128528,7.821266151,0.527085725,260790
12.94168186,1,1,13.44607598,7.821266151,0.527085725,260790
17.97637367,1,0,9.365804475,4.881892418,0.503956178,260795
20.40816307,1,1,9.362975618,4.881892418,0.503956178,260795
17.10777283,1,0,9.727704573,3.158276203,0.503129148,260800
12.87146378,1,1,9.737610048,3.158276203,0.503129148,260800
16.66092873,1,0,9.583626582,3.917010547,0.510348779,260805
14.60304356,1,1,9.59192254,3.917010547,0.510348779,260805
10.99439526,1,0,10.39369201,5.404207742,0.516312657,260810
9.288771629,1,1,10.41081707,5.404207742,0.516312657,260810
15.39612293,1,0,9.683027896,4.862831099,0.499144107,260820
16.60424423,1,1,9.68059397,4.862831099,0.499144107,260820
17.24602509,1,0,9.31766895,4.47642731,0.502829121,260825
16.25,1,1,9.329810872,4.47642731,0.502829121,260825
20.72502899,1,0,9.57685673,4.871679693,0.512367749,260830
16.93981552,1,1,9.590145733,4.871679693,0.512367749,260830
12.83323383,1,0,9.623575217,4.585783472,0.509456021,260840
14.17084122,1,1,9.630956784,4.585783472,0.509456021,260840
13.74072361,1,0,9.755451474,5.437078809,0.509339664,260845
12.37538719,1,1,9.778717666,5.437078809,0.509339664,260845
18.59086037,1,0,9.963970988,5.887907959,0.512561111,260850
15.69622612,1,1,9.966837868,5.887907959,0.512561111,260850
12.4422884,1,0,9.455558478,4.111529387,0.507912957,260860
12.4378109,1,1,9.468928284,4.111529387,0.507912957,260860
11.90254784,1,0,9.688498165,4.249352018,0.498879283,260870
10.89108944,1,1,9.692149047,4.249352018,0.498879283,260870
15.48329067,1,0,10.10553003,2.508785924,0.502768014,260875
14.4213295,1,1,10.12783038,2.508785924,0.502768014,260875
18.15049934,1,0,10.56867241,5.26631057,0.52446216,260880
16.36002159,1,1,10.58582653,5.26631057,0.52446216,260880
14.37801743,1,0,10.93908904,5.310888024,0.516116813,260890
13.16724682,1,1,10.93672542,5.310888024,0.516116813,260890
15.53592968,1,0,10.12302461,5.400106512,0.512392894,260900
14.55126953,1,1,10.13118074,5.400106512,0.512392894,260900
12.56481838,1,0,9.618601567,5.422568329,0.518167108,260910
11.55729675,1,1,9.653165489,5.422568329,0.518167108,260910
11.95199108,1,0,9.899128064,3.85925494,0.495216502,260915
12.46121216,1,1,9.936970683,3.85925494,0.495216502,260915
19.47723389,1,0,9.380926673,4.113983777,0.495502862,260920
14.94194031,1,1,9.35617082,4.113983777,0.495502862,260920
15.86032295,1,0,9.6162054,2.857044754,0.502655857,260930
16.69316292,1,1,9.628063377,2.857044754,0.502655857,260930
13.78294754,1,0,11.00935678,5.666980168,0.512064343,260940
12.01206112,1,1,11.0280437,5.666980168,0.512064343,260940
15.08418369,1,0,10.37205265,5.322766047,0.521139109,260950
13.50171471,1,1,10.37891395,5.322766047,0.521139109,260950
15.55403519,1,0,12.87091808,9.112546711,0.53749679,260960
14.4078455,1,1,12.87427118,9.112546711,0.53749679,260960
12.70540428,1,0,10.06951034,5.105884866,0.516260163,260970
10.69179726,1,1,10.07394737,5.105884866,0.516260163,260970
21.30791283,1,0,9.565704457,3.168003494,0.501441578,260980
19.31196785,1,1,9.590350911,3.168003494,0.501441578,260980
18.28450584,1,0,11.11402874,3.279406325,0.50745828,260990
15.64693165,1,1,11.13072756,3.279406325,0.50745828,260990
28.32865715,1,0,11.03524444,5.167297104,0.516127407,261000
21.49243164,1,1,11.04405719,5.167297104,0.516127407,261000
13.61891747,1,0,8.996775795,3.947776175,0.513249481,261010
13.80175686,1,1,8.970050662,3.947776175,0.513249481,261010
12.79535007,1,0,10.18467357,4.236133434,0.509144083,261020
14.32026005,1,1,10.18263329,4.236133434,0.509144083,261020
17.46419907,1,0,9.345919666,3.86388263,0.498409236,261030
20.6076622,1,1,9.341631758,3.86388263,0.498409236,261030
14.03242588,1,0,9.956743919,2.05284086,0.491693038,261040
15.80114174,1,1,9.965992758,2.05284086,0.491693038,261040
14.1553297,1,0,10.27625728,4.472895147,0.5116669,261050
12.35079002,1,1,10.27280721,4.472895147,0.5116669,261050
16.75619125,1,0,10.90681799,5.220734132,0.509219775,261060
14.48248291,1,1,10.92401217,5.220734132,0.509219775,261060
13.45612621,1,0,12.67538854,8.034634273,0.528632191,261070
12.31939983,1,1,12.6933942,8.034634273,0.528632191,261070
13.41971302,1,0,9.98091145,3.261168737,0.499952254,261080
10.53336334,1,1,10.01926859,3.261168737,0.499952254,261080
15.31093216,1,0,11.09391909,4.146462516,0.513514802,261090
13.66405201,1,1,11.10531806,4.146462516,0.513514802,261090
19.83513641,1,0,10.46133034,3.425889994,0.509202265,261100
18.92985535,1,1,10.48377394,3.425889994,0.509202265,261100
19.67910957,1,0,12.69474775,4.166510173,0.512685313,261110
18.80301666,1,1,12.72986286,4.166510173,0.512685313,261110
14.47602177,1,0,9.329011902,3.819030139,0.521882227,261120
12.69643974,1,1,9.329544619,3.819030139,0.521882227,261120
14.56419468,1,0,10.19533593,4.769327772,0.505863761,261130
13.3005476,1,1,10.19995591,4.769327772,0.505863761,261130
13.99916458,1,0,9.572062557,4.803775113,0.487908327,261140
11.92034721,1,1,9.592673316,4.803775113,0.487908327,261140
13.63117027,1,0,10.14183494,4.652816839,0.507235591,261150
13.11719322,1,1,10.15370138,4.652816839,0.507235591,261150
14.47156811,1,0,8.830689199,3.465110707,0.506603354,261153
13.32747555,1,1,8.826441042,3.465110707,0.506603354,261153
14.61304283,1,0,14.29085179,8.859023903,0.538390353,261160
13.24029541,1,1,14.30137708,8.859023903,0.538390353,261160
17.24309731,1,0,9.906782119,4.111365547,0.508558606,261170
12.3872757,1,1,9.917686272,4.111365547,0.508558606,261170
19.0365448,1,0,10.74585183,5.039287537,0.510925088,261180
11.01491547,1,1,10.75528243,5.039287537,0.510925088,261180
17.11660957,1,0,10.04659173,4.578723536,0.497675049,261190
14.88223648,1,1,10.05543581,4.578723536,0.497675049,261190
10.8143692,1,0,9.271811694,4.074991834,0.507651246,261200
11.88194752,1,1,9.234740259,4.074991834,0.507651246,261200
6.631558418,1,0,9.235423152,4.652435378,0.497530069,261210
7.484168053,1,1,9.267476563,4.652435378,0.497530069,261210
17.75705719,1,0,10.99226834,3.513632811,0.512546575,261220
16.57994652,1,1,11.00404794,3.513632811,0.512546575,261220
15.90128517,1,0,9.662816284,4.10643781,0.517734666,261230
14.9926939,1,1,9.665293813,4.10643781,0.517734666,261230
12.50152683,1,0,10.10875222,4.403176393,0.509906627,261240
10.8187952,1,1,10.14725692,4.403176393,0.509906627,261240
17.98610115,1,0,9.594105053,2.381396273,0.499043696,261245
15.07199574,1,1,9.617936541,2.381396273,0.499043696,261245
14.78713036,1,0,9.418004736,4.628789052,0.506118287,261247
14.62626266,1,1,9.428591977,4.628789052,0.506118287,261247
14.09770679,1,0,11.50525613,5.565401245,0.516190541,261250
12.06991673,1,1,11.54887159,5.565401245,0.516190541,261250
13.14293861,1,0,9.552226498,2.587764035,0.494503029,261255
13.55262184,1,1,9.565564264,2.587764035,0.494503029,261255
19.68274117,1,0,10.62381206,2.575661013,0.496183593,261260
18.08804321,1,1,10.63284612,2.575661013,0.496183593,261260
12.23865414,1,0,9.527119975,4.950956059,0.502803164,261270
14.82499313,1,1,9.54115377,4.950956059,0.502803164,261270
13.74125004,1,0,9.356257247,4.028916757,0.51005368,261280
12.04197502,1,1,9.365804475,4.028916757,0.51005368,261280
9.99404335,1,0,9.623045872,4.464412748,0.496664515,261290
10.39011955,1,1,9.648401736,4.464412748,0.496664515,261290
14.0766058,1,0,10.95159571,4.304470416,0.501070583,261300
10.87390137,1,1,10.97251654,4.304470416,0.501070583,261300
13.18843365,1,0,10.50843174,4.524285457,0.51230368,261310
13.95424747,1,1,10.51583132,4.524285457,0.51230368,261310
14.94412804,1,0,10.01157933,4.412798293,0.510088213,261320
15.62011909,1,1,10.02207027,4.412798293,0.510088213,261320
16.84967804,1,0,9.958354454,4.481758841,0.502391644,261330
15.44638634,1,1,9.962463758,4.481758841,0.502391644,261330
19.04238319,1,0,9.903887473,5.569069432,0.512266227,261340
17.50590134,1,1,9.935664284,5.569069432,0.512266227,261340
17.19368172,1,0,10.42278717,3.096934154,0.502069473,261350
13.89548683,1,1,10.42649863,3.096934154,0.502069473,261350
13.79808998,1,0,10.41009429,3.684871433,0.512457193,261360
13.00686264,1,1,10.42040459,3.684871433,0.512457193,261360
16.05599022,1,0,11.60189742,5.972511059,0.513912241,261370
15.37136078,1,1,11.61905868,5.972511059,0.513912241,261370
13.68159199,1,0,9.780641723,5.004885462,0.507705882,261380
15.87480259,1,1,9.788862027,5.004885462,0.507705882,261380
17.44012451,1,0,11.33517345,3.280535205,0.522579261,261390
15.55313206,1,1,11.35005353,3.280535205,0.522579261,261390
13.32841682,1,0,9.851246441,2.493205453,0.498172495,261400
13.56609535,1,1,9.854769886,2.493205453,0.498172495,261400
11.55987263,1,0,10.46902861,2.635479508,0.511646491,261410
10.94240379,1,1,10.47787935,2.635479508,0.511646491,261410
17.05483246,1,0,10.68336274,4.692997896,0.495036728,261420
13.66886902,1,1,10.70848912,4.692997896,0.495036728,261420
15.38051224,1,0,9.327945614,3.314913013,0.497754222,261430
12.27539539,1,1,9.327234123,3.314913013,0.497754222,261430
19.21456337,1,0,8.688285266,3.725693427,0.494777159,261440
12.94117641,1,1,8.693496676,3.725693427,0.494777159,261440
14.13676167,1,0,11.0434337,5.444234241,0.521592754,261450
13.40868759,1,1,11.06319494,5.444234241,0.521592754,261450
15.11987877,1,0,10.23199962,4.221124045,0.509327582,261460
13.95149136,1,1,10.244663,4.221124045,0.509327582,261460
11.92319584,1,0,9.466222132,4.023743255,0.508369352,261470
11.24903011,1,1,9.462809689,4.023743255,0.508369352,261470
13.86252975,1,0,10.09567693,2.859339649,0.49433569,261480
11.85786819,1,1,10.1267511,2.859339649,0.49433569,261480
17.47076988,1,0,10.01337282,4.571199666,0.497465605,261485
17.52988052,1,1,10.0367064,4.571199666,0.497465605,261485
12.72620296,1,0,10.21053098,3.959097413,0.504798619,261500
10.58201027,1,1,10.23928099,3.959097413,0.504798619,261500
15.64945221,1,0,8.857799727,3.79503965,0.514472317,261510
15.01629162,1,1,8.866299566,3.79503965,0.514472317,261510
14.32693291,1,0,9.215427411,3.362802994,0.490946325,261520
12.17715836,1,1,9.241160514,3.362802994,0.490946325,261520
15.04317951,1,0,10.89386483,5.215804945,0.518736647,261530
13.23156166,1,1,10.8842168,5.215804945,0.518736647,261530
14.23106003,1,0,10.62222938,7.232162164,0.510012938,261540
11.86915398,1,1,10.67299374,7.232162164,0.510012938,261540
15.43118763,1,0,9.513698924,4.702931904,0.512600536,261550
13.75101089,1,1,9.520981849,4.702931904,0.512600536,261550
20.49278641,1,0,10.28127309,4.734178867,0.506203094,261560
17.85169792,1,1,10.30367208,4.734178867,0.506203094,261560
12.44758892,1,0,9.633252394,4.361185969,0.521524723,261570
11.28016758,1,1,9.631350691,4.361185969,0.521524723,261570
11.7687521,1,0,10.17240721,3.318540148,0.503991812,261580
11.07624817,1,1,10.19342957,3.318540148,0.503991812,261580
14.6173687,1,0,9.004668302,3.792788918,0.513943218,261590
12.76073647,1,1,9.006876891,3.792788918,0.513943218,261590
15.00226402,1,0,9.779283949,3.913022506,0.51034139,261600
11.19131565,1,1,9.801842349,3.913022506,0.51034139,261600
15.58524132,1,0,9.151863442,2.954910279,0.509516517,261610
14.17389488,1,1,9.155989777,2.954910279,0.509516517,261610
13.71267414,1,0,8.962263554,4.672174415,0.508827639,261618
14.83870983,1,1,8.948066103,4.672174415,0.508827639,261618
19.72716713,1,0,9.889337917,4.530662134,0.509603776,261620
15.56712341,1,1,9.9145264,4.530662134,0.509603776,261620
12.52577019,1,0,10.37392859,4.90364382,0.505954705,261630
11.19368172,1,1,10.38269866,4.90364382,0.505954705,261630
15.52537155,1,0,11.81211112,5.856732434,0.519834736,261640
14.48336315,1,1,11.82558791,5.856732434,0.519834736,261640
20.47687721,1,0,9.585552437,4.845603406,0.503654296,261650
15.15151501,1,1,9.590008925,4.845603406,0.503654296,261650
15.64173985,0,0,8.448271746,1.043804052,0.475876195,430003
10.41224003,0,1,8.461891876,1.043804052,0.475876195,430003
12.50325584,0,0,8.252967195,2.546315278,0.49516389,430005
11.1950016,0,1,8.253488028,2.546315278,0.49516389,430005
9.453781128,0,0,9.748936793,3.440097531,0.500717618,430010
9.637850761,0,1,9.746950695,3.440097531,0.500717618,430010
8.238789558,0,0,8.909775674,3.110845081,0.505858029,430020
10.55766106,0,1,8.905444319,3.110845081,0.505858029,430020
8.510024071,0,0,8.844047899,3.108167703,0.501490419,430030
8.306615829,0,1,8.824530822,3.108167703,0.501490419,430030
11.74319839,0,0,11.2742748,2.297572551,0.509986736,430040
10.92979717,0,1,11.26758743,2.297572551,0.509986736,430040
8.83054924,0,0,8.340456013,3.215269329,0.500348756,430045
9.189843178,0,1,8.315077007,3.215269329,0.500348756,430045
10.48118114,0,0,7.64921632,2.05284086,0.496371553,430047
10.51625252,0,1,7.642524134,2.05284086,0.496371553,430047
9.279546738,0,0,8.956608739,3.195402469,0.485611063,430050
9.420384407,0,1,8.927048648,3.195402469,0.485611063,430050
7.604562759,0,0,7.518064181,2.78192005,0.489177489,430055
8.187772751,0,1,7.503840747,2.78192005,0.489177489,430055
8.606421471,0,0,8.013343181,3.606584211,0.485773055,430057
10.56454277,0,1,8.016977747,3.606584211,0.485773055,430057
16.62282944,0,0,12.2340817,7.917150123,0.514087278,430060
16.12106705,0,1,12.242366,7.917150123,0.514087278,430060
9.053131104,0,0,8.815518424,2.528923535,0.483551078,430063
8.116883278,0,1,8.827174771,2.528923535,0.483551078,430063
9.652254105,0,0,8.931023216,4.360930671,0.490372798,430064
9.117336273,0,1,8.932344569,4.360930671,0.490372798,430064
8.573655128,0,0,7.156956365,1.32175584,0.490131579,430066
8.513932228,0,1,7.170119543,1.32175584,0.490131579,430066
6.578947544,0,0,8.737452588,3.218875825,0.501893628,430070
9.477911949,0,1,8.734881892,3.218875825,0.501893628,430070
10.84990978,0,0,9.493411832,3.60875341,0.500896127,430080
10.31393528,0,1,9.495218517,3.60875341,0.500896127,430080
6.89838171,0,0,8.234564993,1.961502244,0.497969131,430085
11.17021275,0,1,8.230843564,1.961502244,0.497969131,430085
20.58319092,0,0,8.565411764,4.926021042,0.495065789,430087
17.91776657,0,1,8.584664907,4.926021042,0.495065789,430087
8.110543251,0,0,8.803574418,2.95647156,0.491241432,430090
6.92666769,0,1,8.798001695,2.95647156,0.491241432,430090
13.70413113,0,0,9.899529731,4.778366904,0.502049726,430100
12.82051277,0,1,9.911554924,4.778366904,0.502049726,430100
11.91578007,0,0,9.064620718,4.159039321,0.504780362,430105
12.85698032,0,1,9.096163327,4.159039321,0.504780362,430105
5.572970867,0,0,7.96241568,3.089222617,0.482051282,430107
6.5880723,0,1,7.97074039,3.089222617,0.482051282,430107
12.49382401,0,0,9.558670595,3.463859143,0.512347494,430110
12.32654762,0,1,9.562896847,3.463859143,0.512347494,430110
10.46923256,0,0,9.493788494,3.682358237,0.495256167,430120
10.36425114,0,1,9.499496358,3.682358237,0.495256167,430120
10.60014725,0,0,9.850192255,1.994700313,0.503302653,430130
11.55672836,0,1,9.84876734,1.994700313,0.503302653,430130
10.39206409,0,0,9.267193184,3.628067315,0.497897311,430140
11.04294491,0,1,9.269080867,3.628067315,0.497897311,430140
8.639910698,0,0,8.878497404,3.016514813,0.508596392,430150
9.935627937,0,1,8.870241567,3.016514813,0.508596392,430150
9.090909004,0,0,8.22684089,3.141994781,0.506957708,430155
6.704210281,0,1,8.222822131,3.141994781,0.506957708,430155
13.09475803,0,0,11.70766131,3.350605596,0.522201483,430160
13.29850578,0,1,11.71166156,3.350605596,0.522201483,430160
11.39648151,0,0,9.401704257,4.650430317,0.507737657,430163
11.62223625,0,1,9.432923766,4.650430317,0.507737657,430163
10.60832119,0,0,8.704999678,3.831246695,0.492771294,430165
8.580858231,0,1,8.71374633,3.831246695,0.492771294,430165
9.925926208,0,0,8.817297784,3.222867846,0.495175371,430170
15.39144611,0,1,8.818630229,3.222867846,0.495175371,430170
9.237874985,0,0,8.903951072,2.777576264,0.466942149,430175
8.259986877,0,1,8.911260255,2.777576264,0.466942149,430175
7.644703388,0,0,8.611411867,2.339880878,0.497666604,430180
7.111597538,0,1,8.608677882,2.339880878,0.497666604,430180
11.44801998,0,0,8.08085642,3.867443962,0.498219489,430185
13.60965061,0,1,8.084870629,3.867443962,0.498219489,430185
9.060563087,0,0,8.341410211,1.335001067,0.469591226,430187
11.42585087,0,1,8.345692873,1.335001067,0.469591226,430187
9.161114693,0,0,9.488577986,2.847812143,0.502624881,430190
12.06272602,0,1,9.496721599,2.847812143,0.502624881,430190
5.073566914,0,0,7.586296307,2.611539301,0.476285572,430192
3.070624352,0,1,7.566828479,2.611539301,0.476285572,430192
14.47527122,0,0,7.818832444,3.674526948,0.502746092,430195
13.61633968,0,1,7.826842098,3.674526948,0.502746092,430195
9.49311924,0,0,9.348535871,2.842581094,0.485403755,430200
8.621439934,0,1,9.348710041,2.842581094,0.485403755,430200
16.2209549,0,0,7.732369222,2.857618971,0.48201127,430205
17.62891197,0,1,7.7164608,2.857618971,0.48201127,430205
14.36978626,0,0,11.62909832,5.637856325,0.509265646,430210
13.09064579,0,1,11.64573285,5.637856325,0.509265646,430210
11.07011032,0,0,7.681560363,2.38416508,0.500473037,430215
11.05481339,0,1,7.681560363,2.38416508,0.500473037,430215
10.27749252,0,0,8.826294231,4.101981989,0.498783085,430220
9.541984558,0,1,8.827907963,4.101981989,0.498783085,430220
9.119746208,0,0,7.832807517,1.247032294,0.485047112,430222
8.320126534,0,1,7.833600224,1.247032294,0.485047112,430222
10.21611023,0,0,7.841885929,1.572773928,0.48742268,430223
6.25244236,0,1,7.851271997,1.572773928,0.48742268,430223
9.090909004,0,0,7.958576904,3.381674715,0.470821326,430225
7.337526321,0,1,7.958227192,3.381674715,0.470821326,430225
11.26164246,0,0,9.376701909,1.479329227,0.50490494,430230
13.55932236,0,1,9.374497958,1.479329227,0.50490494,430230
12.82051277,0,0,9.456575255,4.891851758,0.488591059,430235
12.83637524,0,1,9.477615635,4.891851758,0.488591059,430235
14.89921093,0,0,7.73280753,3.266903794,0.49871134,430237
10.17699146,0,1,7.713337889,3.266903794,0.49871134,430237
11.3645792,0,0,9.397234791,4.719480532,0.507060669,430240
12.13973045,0,1,9.405742668,4.719480532,0.507060669,430240
10.61544323,0,0,8.976262256,3.364187556,0.486902124,430245
9.604448318,0,1,8.976262256,3.364187556,0.486902124,430245
7.23379612,0,0,8.84101431,1.451613827,0.490267286,430250
8.880477905,0,1,8.829958044,1.451613827,0.490267286,430250
7.569011688,0,0,7.716906135,2.392425797,0.5,430258
12.07513428,0,1,7.711101252,2.392425797,0.5,430258
9.164420128,0,0,8.218787156,3.356897123,0.495948136,430260
9.216589928,0,1,8.207129168,3.356897123,0.495948136,430260
9.131493568,0,0,8.502688505,3.779633817,0.487058824,430265
8.274470329,0,1,8.51218065,3.779633817,0.487058824,430265
14.78926468,0,0,9.960056904,3.300640127,0.508379888,430270
12.69346905,0,1,9.962699412,3.300640127,0.508379888,430270
11.48132133,0,0,10.45348581,2.403334996,0.515316118,430280
11.02325821,0,1,10.45287983,2.403334996,0.515316118,430280
7.557590485,0,0,9.529593783,1.752672081,0.500146242,430290
8.547633171,0,1,9.519000851,1.752672081,0.500146242,430290
11.35979652,0,0,11.36011222,3.110845081,0.518317487,430300
11.53877544,0,1,11.35744056,3.110845081,0.518317487,430300
16.81517601,0,0,11.73801911,7.896195495,0.516621857,430310
15.3448019,0,1,11.74930898,7.896195495,0.516621857,430310
13.22542477,0,0,8.530306831,3.17262244,0.503492194,430320
9.053336143,0,1,8.53503311,3.17262244,0.503492194,430320
11.06063557,0,0,8.529714472,2.948640666,0.48889786,430330
9.089113235,0,1,8.527143522,2.948640666,0.48889786,430330
5.657432556,0,0,8.542080907,3.288401888,0.490238612,430340
4.697592258,0,1,8.533656917,3.288401888,0.490238612,430340
13.13443756,0,0,11.09177295,3.620868243,0.507679562,430350
12.47113895,0,1,11.09787961,3.620868243,0.507679562,430350
8.496490479,0,0,7.90359629,2.932259851,0.501929012,430355
9.558823586,0,1,7.910590612,2.932259851,0.501929012,430355
9.84486866,0,0,8.810459642,1.686398954,0.487924182,430360
9.556517601,0,1,8.807920622,1.686398954,0.487924182,430360
7.094295025,0,0,8.126518169,1.798404012,0.484447182,430367
6.485848904,0,1,8.131530711,1.798404012,0.484447182,430367
7.689790726,0,0,8.718009331,3.299164656,0.500408697,430370
9.561490059,0,1,8.704668113,3.299164656,0.500408697,430370
7.607926369,0,0,8.639764744,2.992727765,0.518706865,430380
9.56090641,0,1,8.638525477,2.992727765,0.518706865,430380
13.25095272,0,0,11.06302246,6.900519161,0.509421713,430390
13.26226902,0,1,11.07524187,6.900519161,0.509421713,430390
16.49793816,0,0,8.581856705,3.201933104,0.508151676,430400
14.78112602,0,1,8.559677803,3.201933104,0.508151676,430400
9.021708488,0,0,8.173857455,2.735665368,0.497996566,430410
11.02629375,0,1,8.167351987,2.735665368,0.497996566,430410
10.12577629,0,0,10.35472239,3.464485121,0.511053661,430420
11.62827682,0,1,10.35904357,3.464485121,0.511053661,430420
8.894919395,0,0,8.79981247,3.278653029,0.492272379,430430
7.115821362,0,1,8.792853289,3.278653029,0.492272379,430430
14.3566494,0,0,9.1338912,2.239645293,0.489111846,430435
13.95598507,0,1,9.144414222,2.239645293,0.489111846,430435
16.07380676,0,0,10.64675734,5.040711762,0.51260547,430440
14.66635227,0,1,10.6630309,5.040711762,0.51260547,430440
10.31669044,0,0,10.9266217,2.715356776,0.495747198,430450
9.354335785,0,1,10.93232095,2.715356776,0.495747198,430450
15.67146397,0,0,12.73664501,7.81202606,0.51845893,430460
15.24863625,0,1,12.7444181,7.81202606,0.51845893,430460
12.9504509,0,0,7.482118924,1.202972304,0.462371722,430462
11.88455009,0,1,7.475339237,1.202972304,0.462371722,430462
17.10707474,0,0,10.74660526,6.070645345,0.509609895,430463
19.57665253,0,1,10.77461354,6.070645345,0.509609895,430463
7.449344635,0,0,8.118505068,1.124929597,0.475515464,430465
12.40401649,0,1,8.13710339,1.124929597,0.475515464,430465
15.0073061,0,0,10.13938937,3.432049845,0.507696107,430466
13.4336586,0,1,10.14411732,3.432049845,0.507696107,430466
11.36094666,0,0,8.34877454,2.242835089,0.502570694,430467
10.99415207,0,1,8.371010681,2.242835089,0.502570694,430467
11.60714245,0,0,9.323669057,4.146146061,0.496383052,430468
10.71744919,0,1,9.339173244,4.146146061,0.496383052,430468
11.64483261,0,0,7.918628653,3.573468603,0.486722307,430469
17.81170464,0,1,7.924072325,3.573468603,0.486722307,430469
14.07722282,0,0,11.03283918,4.490768926,0.523239543,430470
13.36299324,0,1,11.03799773,4.490768926,0.523239543,430470
9.224855423,0,0,8.962519833,3.212455257,0.480579869,430471
5.594405651,0,1,8.976893928,3.212455257,0.480579869,430471
11.69269085,0,0,10.21398242,4.702024627,0.497380121,430480
12.40703773,0,1,10.2340495,4.702024627,0.497380121,430480
10.31728458,0,0,9.106534203,3.460409241,0.50953647,430490
10.17699146,0,1,9.111514018,3.460409241,0.50953647,430490
11.41045952,0,0,8.056743775,2.546315278,0.495510476,430495
4.740834236,0,1,8.062747901,2.546315278,0.495510476,430495
9.638809204,0,0,9.152817186,2.77133794,0.507669205,430500
9.14796257,0,1,9.144948153,2.77133794,0.507669205,430500
13.65522289,0,0,13.06096233,5.579314645,0.509573794,430510
12.79556561,0,1,13.07994845,5.579314645,0.509573794,430510
10.898283,0,0,8.015657615,3.09421922,0.480269815,430511
4.955401421,0,1,8.013343181,3.09421922,0.480269815,430511
9.381729126,0,0,8.779865101,2.651127054,0.498125586,430512
6.015733242,0,1,8.773539384,2.651127054,0.498125586,430512
8.379888535,0,0,8.445482344,3.333988632,0.500449035,430513
4.930332184,0,1,8.451267041,3.333988632,0.500449035,430513
12.21498394,0,0,7.806289289,3.493776563,0.499793132,430515
9.383924484,0,1,7.800982071,3.493776563,0.499793132,430515
10.68222618,0,0,9.318297513,3.453473526,0.478476821,430517
11.36061096,0,1,9.339349053,3.453473526,0.478476821,430517
10.77044582,0,0,9.541584681,4.314684186,0.502069381,430520
10.09161186,0,1,9.548525427,4.314684186,0.502069381,430520
7.170320988,0,0,9.171911345,2.618125494,0.510184494,430530
8.010819435,0,1,9.170039075,2.618125494,0.510184494,430530
11.38489914,0,0,10.54389302,5.094547429,0.446970555,430535
9.89995575,0,1,10.56098165,5.094547429,0.446970555,430535
9.377664566,0,0,8.165932137,2.863343086,0.502160761,430537
4.2808218,0,1,8.158516245,2.863343086,0.502160761,430537
11.27174759,0,0,8.314097335,2.32238772,0.511622156,430540
11.81102371,0,1,8.30474227,2.32238772,0.511622156,430540
9.177215576,0,0,8.751474487,3.374511116,0.506337671,430543
5.968274117,0,1,8.766082459,3.374511116,0.506337671,430543
12.79847145,0,0,8.563122123,3.109953418,0.473503236,430544
9.494873047,0,1,8.573951525,3.109953418,0.473503236,430544
12.35970974,0,0,9.552368574,3.941970082,0.507025576,430545
12.30769253,0,1,9.582662261,3.941970082,0.507025576,430545
9.373753548,0,0,8.519989279,2.888703701,0.489638358,430550
7.800000191,0,1,8.515792211,2.888703701,0.489638358,430550
8.814102173,0,0,7.822444729,3.724729107,0.500826446,430558
10.39999962,0,1,7.823645931,3.724729107,0.500826446,430558
6.775832653,0,0,8.172446818,2.520917087,0.513521127,430560
6.80851078,0,1,8.160232492,2.520917087,0.513521127,430560
5.43877697,0,0,8.82511897,2.644755351,0.508699634,430570
12.16830349,0,1,8.828494129,2.644755351,0.508699634,430570
11.40194321,0,0,9.218903603,3.872033997,0.510254307,430580
11.19365978,0,1,9.220389708,3.872033997,0.510254307,430580
5.732483864,0,0,7.358830898,2.610804817,0.482329843,430583
4.478566647,0,1,7.3524411,2.610804817,0.482329843,430583
6.03136301,0,0,7.818832444,2.188295947,0.489214489,430585
8.474575996,0,1,7.810758117,2.188295947,0.489214489,430585
10.20808792,0,0,7.842671475,2.714032273,0.504270028,430587
10.59238911,0,1,7.846198815,2.714032273,0.504270028,430587
11.96994781,0,0,8.968650903,2.756205243,0.509292721,430590
11.49865818,0,1,8.96200721,2.756205243,0.509292721,430590
4.584527016,0,0,7.464509835,2.794839331,0.48173913,430593
2.876869917,0,1,7.458186157,2.794839331,0.48173913,430593
4.236232281,0,0,8.29729437,3.123245594,0.480980342,430595
6.982543468,0,1,8.29504914,3.123245594,0.480980342,430595
11.08033276,0,0,7.9683195,1.899117988,0.508846426,430597
15.93349457,0,1,7.965545573,1.899117988,0.508846426,430597
10.89689827,0,0,9.569133072,3.660737148,0.50915933,430600
10.1590414,0,1,9.563318491,3.660737148,0.50915933,430600
12.33445835,0,0,8.949235314,2.368372834,0.493681319,430605
11.74042034,0,1,8.960852845,2.368372834,0.493681319,430605
9.608785629,0,0,7.977281987,3.364533397,0.490092003,430607
8.230452538,0,1,7.978653729,3.364533397,0.490092003,430607
14.18362045,0,0,11.06580989,3.832546804,0.526543672,430610
13.34315872,0,1,11.06060457,3.832546804,0.526543672,430610
7.57934618,0,0,7.654917048,2.551786179,0.48575432,430613
6.21118021,0,1,7.638679824,2.551786179,0.48575432,430613
8.498350143,0,0,9.40261226,4.371976299,0.500243506,430620
11.75117111,0,1,9.410419984,4.371976299,0.500243506,430620
7.652533531,0,0,8.483636408,3.287281858,0.485372624,430630
10.32631111,0,1,8.485083137,3.287281858,0.485372624,430630
5.978602886,0,0,8.064007347,2.178155015,0.497178683,430632
8.264462471,0,1,8.047189562,2.178155015,0.497178683,430632
7.795889378,0,0,7.945201132,2.581730834,0.487438939,430635
8.223095894,0,1,7.926241523,2.581730834,0.487438939,430635
12.15632439,0,0,10.30430856,6.04777399,0.504823734,430640
13.42081738,0,1,10.32456351,6.04777399,0.504823734,430640
12.38532066,0,0,7.687080156,2.257587727,0.49930459,430642
12.90917492,0,1,7.680637428,2.257587727,0.49930459,430642
7.626870155,0,0,8.134174272,3.201933104,0.495729103,430645
8.194322586,0,1,8.138564737,3.201933104,0.495729103,430645
10.79184341,0,0,9.622714888,2.360854001,0.485535466,430650
9.10050106,0,1,9.630628409,2.360854001,0.485535466,430650
7.243614197,0,0,7.87207398,3.485232111,0.474117647,430655
8.012208939,0,1,7.870165946,3.485232111,0.474117647,430655
11.6736393,0,0,10.59460768,2.013568798,0.508792226,430660
11.10665417,0,1,10.59295296,2.013568798,0.508792226,430660
9.708738327,0,0,8.13123655,3.392492941,0.506615701,430670
11.27261925,0,1,8.117312462,3.392492941,0.506615701,430670
8.001523972,0,0,8.565792861,3.04594999,0.501976285,430673
7.498558044,0,1,8.547528391,3.04594999,0.501976285,430673
7.218479156,0,0,7.639161172,2.929592471,0.490147783,430675
6.737247467,0,1,7.637234389,2.929592471,0.490147783,430675
15.87046719,0,0,10.52848972,4.210348238,0.505022858,430676
15.29383755,0,1,10.55056462,4.210348238,0.505022858,430676
12.59712219,0,0,9.987415012,4.993014285,0.515748415,430680
12.06305695,0,1,9.99920674,4.993014285,0.515748415,430680
10.44956493,0,0,10.15218188,1.991975516,0.497758213,430690
11.50631714,0,1,10.15816853,1.991975516,0.497758213,430690
14.73684216,0,0,7.261927093,3.065724645,0.514079895,430692
17.93400192,0,1,7.220373837,3.065724645,0.514079895,430692
11.02657413,0,0,9.112617283,2.783157674,0.50604162,430693
11.06194687,0,1,9.10586835,2.783157674,0.50604162,430693
12.95336819,0,0,8.035278911,3.244543572,0.494805195,430695
9.765625,0,1,8.023552392,3.244543572,0.494805195,430695
17.95625114,0,0,8.027150107,2.965273066,0.498316498,430697
13.38994122,0,1,8.027802848,2.965273066,0.498316498,430697
13.29664421,0,0,11.53032324,5.407664923,0.518935964,430700
12.90770149,0,1,11.54157123,5.407664923,0.518935964,430700
12.48829269,0,0,8.07184315,2.558002205,0.494170984,430705
9.97506237,0,1,8.074337694,2.558002205,0.494170984,430705
10.18943787,0,0,8.849083519,1.345472367,0.484229231,430710
9.751899719,0,1,8.850517622,1.345472367,0.484229231,430710
12.05741596,0,0,8.561210077,2.893699548,0.492155723,430720
9.790746689,0,1,8.554103545,2.893699548,0.492155723,430720
10.085536,0,0,8.966100857,3.075005454,0.50241178,430730
11.70267487,0,1,8.950921765,3.075005454,0.50241178,430730
12.76595783,0,0,8.098642844,1.340250423,0.503787879,430740
9.987893105,0,1,8.103796713,1.340250423,0.503787879,430740
12.25114822,0,0,8.091015042,3.093312602,0.495721271,430745
8.315367699,0,1,8.078378104,3.093312602,0.495721271,430745
11.77587891,0,0,9.667448713,2.968361077,0.505774278,430750
11.70293522,0,1,9.669409436,2.968361077,0.505774278,430750
10.85196018,0,0,8.728102205,4.093510881,0.509066711,430755
10.86075497,0,1,8.726643416,4.093510881,0.509066711,430755
14.00456715,0,0,10.73607054,6.704928928,0.505919106,430760
14.01657867,0,1,10.75528243,6.704928928,0.505919106,430760
12.77357006,0,0,11.33672514,7.978609177,0.517392112,430770
12.93149662,0,1,11.3399283,7.978609177,0.517392112,430770
12.90838146,0,0,10.39013318,5.11349268,0.506221627,430780
12.61184216,0,1,10.40274654,5.11349268,0.506221627,430780
8.816457748,0,0,8.227642708,2.555675721,0.491179713,430781
8.814102173,0,1,8.227909838,2.555675721,0.491179713,430781
9.396458626,0,0,7.92551898,1.89761986,0.49428163,430783
7.299270153,0,1,7.908754739,1.89761986,0.49428163,430783
8.89218235,0,0,7.900636613,2.954910279,0.495928655,430786
8.496490479,0,1,7.906915489,2.954910279,0.495928655,430786
13.31804562,0,0,11.12767466,5.173717398,0.508085173,430790
11.82853699,0,1,11.14281785,5.173717398,0.508085173,430790
7.568039417,0,0,8.835064935,3.670460869,0.509292566,430800
9.167636871,0,1,8.834628222,3.670460869,0.509292566,430800
10.89070415,0,0,7.852050207,2.884800713,0.50019478,430805
5.873140335,0,1,7.839131648,2.884800713,0.50019478,430805
15.5709343,0,0,8.305484018,3.77505715,0.497971328,430807
14.89985371,0,1,8.330381569,3.77505715,0.497971328,430807
12.16991997,0,0,9.477692178,4.86437562,0.501496885,430810
11.48813152,0,1,9.488577986,4.86437562,0.501496885,430810
12.83954048,0,0,10.27411964,4.597138014,0.500405515,430820
11.98794365,0,1,10.28892001,4.597138014,0.500405515,430820
3.494757891,0,0,7.602401336,2.483238593,0.46432111,430825
8.538422585,0,1,7.586803535,2.483238593,0.46432111,430825
11.35843182,0,0,9.298076486,2.910718899,0.490530833,430830
8.908890724,0,1,9.29293367,2.910718899,0.490530833,430830
7.869589806,0,0,8.870101049,2.48906466,0.491017964,430840
10.28893566,0,1,8.86418137,2.48906466,0.491017964,430840
6.716712952,0,0,7.836369761,3.276767303,0.489713594,430843
8.699090958,0,1,7.833203949,3.276767303,0.489713594,430843
11.87135792,0,0,8.440959885,1.950186706,0.510163934,430845
10.60376549,0,1,8.434463544,1.950186706,0.510163934,430845
13.41752148,0,0,10.32246101,4.689970788,0.510175779,430850
12.99253845,0,1,10.33198536,4.689970788,0.510175779,430850
11.13714504,0,0,10.40010268,5.200373722,0.504024243,430860
12.58677959,0,1,10.41583202,5.200373722,0.504024243,430860
8.641975403,0,0,8.083328609,1.396244692,0.479901051,430865
5.590062141,0,1,8.070906089,1.396244692,0.479901051,430865
8.418925285,0,0,8.689296048,3.356897123,0.516888434,430870
8.789722443,0,1,8.682199026,3.356897123,0.516888434,430870
9.906692505,0,0,9.068892008,2.806990149,0.49887534,430880
9.461174965,0,1,9.067393363,2.806990149,0.49887534,430880
12.85046768,0,0,7.445417557,2.209372711,0.469886702,430885
19.85981369,0,1,7.443078374,2.209372711,0.469886702,430885
11.23392963,0,0,9.719925226,4.031937102,0.514114151,430890
12.6156435,0,1,9.720045368,4.031937102,0.514114151,430890
11.1773901,0,0,9.756552444,2.993229143,0.511683748,430900
11.62858295,0,1,9.748703339,2.993229143,0.511683748,430900
10.21230888,0,0,8.914894909,3.058237479,0.486866928,430905
12.50166225,0,1,8.934323331,3.058237479,0.486866928,430905
15.59635735,0,0,10.44485208,4.910446567,0.51436185,430910
15.97988796,0,1,10.45829178,4.910446567,0.51436185,430910
12.26993847,0,0,7.73280753,2.848970892,0.492728074,430912
14.98457432,0,1,7.722234745,2.848970892,0.492728074,430912
8.101024628,0,0,8.342125263,2.90416508,0.485138539,430915
8.776090622,0,1,8.350429974,2.90416508,0.485138539,430915
13.25501537,0,0,12.50872953,6.312786887,0.511538762,430920
13.18607044,0,1,12.51994134,6.312786887,0.511538762,430920
11.0974102,0,0,7.391415235,2.376764491,0.495619524,430925
8.054522514,0,1,7.381501895,2.376764491,0.495619524,430925
13.3218689,0,0,11.50145999,5.531688438,0.515219949,430930
13.77402115,0,1,11.50475215,5.531688438,0.515219949,430930
12.61557388,0,0,10.09967092,4.339119134,0.512404664,430940
12.72949791,0,1,10.11362691,4.339119134,0.512404664,430940
9.770395279,0,0,9.010424947,3.32970138,0.513123845,430950
10.92426682,0,1,9.001346244,3.32970138,0.513123845,430950
9.429824829,0,0,8.425077903,4.554297856,0.494358251,430955
13.71951199,0,1,8.440312147,4.554297856,0.494358251,430955
11.43043804,0,0,8.026823576,3.217675104,0.477657414,430957
12.72430706,0,1,8.028455164,3.217675104,0.477657414,430957
11.52482224,0,0,9.861414776,4.368434681,0.512426422,430960
11.28327751,0,1,9.867134723,4.368434681,0.512426422,430960
12.1193285,0,0,8.769662508,1.993338843,0.483038226,430965
13.11728382,0,1,8.782783017,1.993338843,0.483038226,430965
7.568213463,0,0,8.521384396,3.599228232,0.514738768,430970
8.18853569,0,1,8.516793111,3.599228232,0.514738768,430970
8.635960579,0,0,8.415381925,3.11927646,0.489819263,430975
12.62178898,0,1,8.415824697,3.11927646,0.489819263,430975
7.63516283,0,0,8.485908901,2.602689685,0.513800425,430980
6.603384018,0,1,8.486115236,2.602689685,0.513800425,430980
9.82106781,0,0,8.913684825,3.171784217,0.499651374,430990
9.408601761,0,1,8.915835074,3.171784217,0.499651374,430990
8.169149399,0,0,8.333751007,2.582486978,0.491997045,430995
7.925072193,0,1,8.33302994,2.582486978,0.491997045,430995
12.73475075,0,0,9.912496847,3.459151775,0.509476955,431000
11.1671114,0,1,9.918376165,3.459151775,0.509476955,431000
13.80931377,0,0,10.43514469,5.451167201,0.511655085,431010
14.18295097,0,1,10.45247564,5.451167201,0.511655085,431010
13.4084301,0,0,11.32128058,4.740662155,0.51704999,431020
14.60770512,0,1,11.3276676,4.740662155,0.51704999,431020
8.068343163,0,0,8.346167594,3.561614103,0.499024866,431030
10.92896175,0,1,8.344029572,3.561614103,0.499024866,431030
14.38154316,0,0,9.887256539,6.105975569,0.509734012,431033
13.8048315,0,1,9.918080555,6.105975569,0.509734012,431033
6.369426727,0,0,8.051978079,3.718680945,0.505458154,431036
5.087440491,0,1,8.055792451,3.718680945,0.505458154,431036
11.66791344,0,0,8.80762149,2.918311127,0.502417649,431040
10.51840687,0,1,8.798605651,2.918311127,0.502417649,431040
15.07970715,0,0,7.749753406,2.989211057,0.493603882,431041
10.77586174,0,1,7.747164967,2.989211057,0.493603882,431041
7.843137264,0,0,8.76013937,2.306577114,0.487533245,431043
9.048361778,0,1,8.771525284,2.306577114,0.487533245,431043
8.55561161,0,0,7.594381243,2.51041194,0.5,431046
7.067137718,0,1,7.589841512,2.51041194,0.5,431046
14.98451996,0,0,8.996528148,3.791887204,0.495543451,431050
11.84243298,0,1,8.983314293,3.791887204,0.495543451,431050
13.20007515,0,0,8.576027977,3.365915568,0.49241517,431053
9.757927895,0,1,8.586159396,3.365915568,0.49241517,431053
8.162116051,0,0,8.175547596,1.121677562,0.483289741,431055
8.732394218,0,1,8.175266104,1.121677562,0.483289741,431055
6.840529919,0,0,7.757478767,2.543175558,0.473976109,431057
6.893580437,0,1,7.744569809,2.543175558,0.473976109,431057
13.54459476,0,0,10.57464472,2.416806237,0.501192379,431060
14.35112953,0,1,10.57257255,2.416806237,0.501192379,431060
11.489851,0,0,7.867488569,2.524928324,0.481424149,431065
12.67768002,0,1,7.860185057,2.524928324,0.481424149,431065
9.382716179,0,0,8.30647216,2.978586115,0.477823064,431070
7.262709618,0,1,8.279950716,2.978586115,0.477823064,431070
12.78690052,0,0,9.986955158,5.75165158,0.506843112,431080
12.9486599,0,1,10.01099576,5.75165158,0.506843112,431080
9.917755127,0,0,8.32700074,3.465735903,0.492191313,431085
6.561360836,0,1,8.318498321,3.465735903,0.492191313,431085
8.352315903,0,0,7.876258882,2.002830439,0.488232948,431087
5.673222542,0,1,7.884576511,2.002830439,0.488232948,431087
8.870967865,0,0,8.221478947,3.008648499,0.509771539,431090
7.277627945,0,1,8.218517577,3.008648499,0.509771539,431090
12.29219532,0,0,10.25386269,2.610069793,0.513515449,431100
10.8799324,0,1,10.24814052,2.610069793,0.513515449,431100
7.136715412,0,0,9.361343246,2.835563521,0.499869258,431110
6.126499176,0,1,9.354527292,2.835563521,0.499869258,431110
12.00480175,0,0,8.334471555,1.526056303,0.487191764,431112
13.28823376,0,1,8.321178307,1.526056303,0.487191764,431112
8.196721077,0,0,8.205218426,1.427916036,0.473006993,431113
7.927829266,0,1,8.202482447,1.427916036,0.473006993,431113
10.064785,0,0,9.064620718,1.908059925,0.483135278,431115
10.50808334,0,1,9.067393363,1.908059925,0.483135278,431115
12.45267963,0,0,9.907280351,2.317473705,0.508350784,431120
10.27431393,0,1,9.905086274,2.317473705,0.508350784,431120
11.0320282,0,0,7.940939762,3.199896858,0.472952667,431123
8.150248528,0,1,7.951207156,3.199896858,0.472952667,431123
11.41446877,0,0,8.776938645,2.780060737,0.483427648,431125
10.01386547,0,1,8.780172651,2.780060737,0.483427648,431125
7.272727489,0,0,7.408530567,2.444952334,0.514392991,431127
16.96969604,0,1,7.407924323,2.444952334,0.514392991,431127
12.20971107,0,0,10.2548484,3.080992118,0.507211626,431130
13.85811234,0,1,10.25565736,3.080992118,0.507211626,431130
14.39080238,0,0,11.26135672,6.675898881,0.513877808,431140
14.79169273,0,1,11.27937798,6.675898881,0.513877808,431140
9.667440414,0,0,7.857867559,3.600321427,0.496180137,431142
11.59196281,0,1,7.860185057,3.600321427,0.496180137,431142
8.793169022,0,0,8.967886572,1.08180517,0.508399531,431150
8.553555489,0,1,8.964439834,1.08180517,0.508399531,431150
11.74438667,0,0,8.663887571,3.158276203,0.489792388,431160
10.60132122,0,1,8.651374373,3.158276203,0.489792388,431160
16.36137199,0,0,8.634620608,5.065375973,0.487468911,431162
14.2781601,0,1,8.651549244,5.065375973,0.487468911,431162
4.70865202,0,0,7.437795122,3.237893831,0.502463054,431164
6.455399036,0,1,7.442492723,3.237893831,0.502463054,431164
9.729347229,0,0,8.639941657,2.802147524,0.499637024,431170
10.62322903,0,1,8.638525477,2.802147524,0.499637024,431170
7.657284737,0,0,8.48301574,1.036736885,0.489658084,431171
12.64248657,0,1,8.479283618,1.036736885,0.489658084,431171
8.84113121,0,0,8.902727664,1.627277831,0.497171946,431175
7.070981979,0,1,8.905444319,1.627277831,0.497171946,431175
12.47519112,0,0,8.861350111,2.407845604,0.489790007,431177
7.8125,0,1,8.857657449,2.407845604,0.489790007,431177
4.53514719,0,0,7.880804345,3.438171984,0.496636328,431179
8.646616936,0,1,7.889084407,3.438171984,0.496636328,431179
13.27756882,0,0,10.58887974,4.025351691,0.504179958,431180
12.09767723,0,1,10.61223738,4.025351691,0.504179958,431180
9.458127975,0,0,8.532081804,3.107273648,0.502337359,431190
7.945967197,0,1,8.513586696,3.107273648,0.502337359,431190
7.416879654,0,0,8.271292653,2.411439498,0.477176221,431198
9.948979378,0,1,8.275376375,2.411439498,0.477176221,431198
8.089887619,0,0,7.707512195,3.104586678,0.487330317,431200
4.977375507,0,1,7.696212639,3.104586678,0.487330317,431200
11.02588654,0,0,8.336150816,3.481240089,0.498770895,431205
8.881421089,0,1,8.333991247,3.481240089,0.498770895,431205
8.499131203,0,0,8.551981017,2.796671393,0.4961847,431210
7.171932697,0,1,8.545002892,2.796671393,0.4961847,431210
13.66120243,0,0,7.848543482,2.337952237,0.476923077,431213
14.00778198,0,1,7.852050207,2.337952237,0.476923077,431213
13.46477509,0,0,8.33302994,4.433194921,0.498835705,431215
8.09331131,0,1,8.352318548,4.433194921,0.498835705,431215
12.19512177,0,0,7.497761701,2.753023567,0.498610339,431217
12.2290163,0,1,7.489412084,2.753023567,0.498610339,431217
7.343941212,0,0,8.497398564,3.15912582,0.497658318,431220
6.37204504,0,1,8.483429561,3.15912582,0.497658318,431220
14.27319431,0,0,8.985570499,2.889260029,0.504914166,431225
12.73726273,0,1,8.991562278,2.889260029,0.504914166,431225
11.22694492,0,0,8.514790307,3.617383452,0.502986612,431230
13.45381546,0,1,8.512783483,3.617383452,0.502986612,431230
8.3279953,0,0,7.353081921,2.933324813,0.485084306,431235
7.073955059,0,1,7.346655163,2.933324813,0.485084306,431235
6.268436432,0,0,7.905441649,3.664842876,0.496254682,431238
3.696857691,0,1,7.899524472,3.664842876,0.496254682,431238
14.47684479,0,0,11.0486494,4.942570563,0.50778423,431240
14.67936325,0,1,11.05959801,4.942570563,0.50778423,431240
11.96581173,0,0,7.98104976,2.934388643,0.492178974,431242
7.472826004,0,1,7.995643604,2.934388643,0.492178974,431242
7.171811581,0,0,8.0730912,2.95647156,0.491829038,431244
9.404388428,0,1,8.064321961,2.95647156,0.491829038,431244
7.984032154,0,0,8.781555459,3.236715743,0.496547294,431245
8.880723,0,1,8.786914938,3.236715743,0.496547294,431245
12.71886349,0,0,8.70847449,4.170688129,0.498062016,431247
9.506638527,0,1,8.723068501,4.170688129,0.498062016,431247
9.622209549,0,0,9.447702361,1.809926773,0.489689871,431250
10.77213383,0,1,9.453913805,1.809926773,0.489689871,431250
9.835407257,0,0,8.513586696,3.765840495,0.519933208,431260
9.819639206,0,1,8.516793111,3.765840495,0.519933208,431260
12.47999954,0,0,8.047189562,0.91228271,0.486278447,431261
12.44813251,0,1,8.054204897,0.91228271,0.486278447,431261
11.64637375,0,0,7.543802868,2.791778417,0.490899062,431262
17.95142555,0,1,7.549082711,2.791778417,0.490899062,431262
13.14153767,0,0,9.734654614,3.785552341,0.507090863,431265
14.06213188,0,1,9.746482804,3.785552341,0.507090863,431265
10.23890781,0,0,7.471932078,2.401525041,0.499128414,431267
8.527572632,0,1,7.469654173,2.401525041,0.499128414,431267
14.11879253,0,0,9.41930386,3.247657626,0.508696372,431270
14.71784019,0,1,9.414912538,3.247657626,0.508696372,431270
11.46384525,0,0,8.132118773,3.058707073,0.497800126,431275
9.909646988,0,1,8.14815644,3.058707073,0.497800126,431275
12.44239616,0,0,8.375629627,3.985459324,0.510872282,431280
16.41212654,0,1,8.395929104,3.985459324,0.510872282,431280
9.028146744,0,0,9.150059441,3.732178379,0.49321267,431290
8.861694336,0,1,9.163248764,3.732178379,0.49321267,431290
10.65989876,0,0,7.585788822,3.034952987,0.499489796,431295
9.211873055,0,1,7.571473649,3.034952987,0.499489796,431295
10.85318089,0,0,8.106816039,3.433018994,0.488379397,431300
4.507211685,0,1,8.112827479,3.433018994,0.488379397,431300
9.581263542,0,0,7.943782692,3.336481067,0.489276627,431301
10.67235851,0,1,7.940939762,3.336481067,0.489276627,431301
10.60000038,0,0,8.517193191,3.19703913,0.506315564,431303
12.09357643,0,1,8.534443545,3.19703913,0.506315564,431303
12.09799385,0,0,9.895354569,5.681059588,0.505505287,431306
13.32468319,0,1,9.914674742,5.681059588,0.505505287,431306
5.882352829,0,0,7.843848638,3.16674007,0.486530612,431308
5.076142311,0,1,7.848933726,3.16674007,0.486530612,431308
10.49270058,0,0,8.791181937,3.007166651,0.492746768,431310
9.713158607,0,1,8.794370279,3.007166651,0.492746768,431310
12.08444309,0,0,9.917094556,4.180216401,0.508007351,431320
12.24649715,0,1,9.930567557,4.180216401,0.508007351,431320
13.03417969,0,0,10.11783251,4.479947041,0.504905826,431330
13.88778019,0,1,10.13915238,4.479947041,0.504905826,431330
7.352941036,0,0,7.803026644,2.258633205,0.488715634,431333
8.19336319,0,1,7.794823152,2.258633205,0.488715634,431333
15.06286049,0,0,10.13832249,4.646887779,0.496346188,431337
15.60129166,0,1,10.16915405,4.646887779,0.496346188,431337
10.32448387,0,0,8.310906757,2.998229154,0.495201038,431339
7.833537102,0,1,8.320448114,2.998229154,0.495201038,431339
12.9143486,0,0,12.42219561,6.973112215,0.5155018,431340
12.7225132,0,1,12.42566189,6.973112215,0.5155018,431340
5.431971073,0,0,8.25997566,2.887590115,0.503694268,431342
5.480166912,0,1,8.240385116,2.887590115,0.503694268,431342
10.29601002,0,0,7.754052639,3.407841924,0.476943347,431344
11.62290096,0,1,7.747596839,3.407841924,0.476943347,431344
11.14206123,0,0,7.492760301,3.08190997,0.509960159,431346
8.365867615,0,1,7.491645474,3.08190997,0.509960159,431346
12.77416229,0,0,8.33062262,3.471655845,0.489190548,431349
9.125840187,0,1,8.335911094,3.471655845,0.489190548,431349
13.60528564,0,0,10.68249128,4.12147323,0.507236102,431350
15.37760544,0,1,10.6962538,4.12147323,0.507236102,431350
7.527640343,0,0,8.354909528,3.148024084,0.502474664,431360
6.870409966,0,1,8.34188697,3.148024084,0.502474664,431360
11.84938145,0,0,9.340754411,2.447550863,0.502051235,431365
13.66982079,0,1,9.344084242,2.447550863,0.502051235,431365
13.89562607,0,0,10.4644453,3.185525845,0.515235376,431370
13.81104851,0,1,10.46044266,3.185525845,0.515235376,431370
12.98519993,0,0,8.876544551,3.872033997,0.495086705,431380
13.25149918,0,1,8.878636747,3.872033997,0.495086705,431380
14.26155949,0,0,10.61665792,4.350664958,0.500420411,431390
15.11726856,0,1,10.63279789,4.350664958,0.500420411,431390
10.1182127,0,0,9.20853875,2.464703942,0.503890854,431395
10.77434254,0,1,9.198976042,2.464703942,0.503890854,431395
9.235010147,0,0,8.889446165,4.035478809,0.493394011,431400
14.76620197,0,1,8.90340752,4.035478809,0.493394011,431400
7.603565693,0,0,8.939580967,3.077772984,0.496455834,431402
10.46435547,0,1,8.944028325,3.077772984,0.496455834,431402
12.94847584,0,0,8.217978203,4.113493381,0.491882655,431403
11.26609421,0,1,8.227642708,4.113493381,0.491882655,431403
14.42220402,0,0,10.9160698,6.161270611,0.50586385,431405
13.7329464,0,1,10.93119443,6.161270611,0.50586385,431405
8.063037872,0,0,8.604654467,2.828496354,0.48040357,431406
5.100182056,0,1,8.61667647,2.828496354,0.48040357,431406
6.940063,0,0,8.754634047,3.121042465,0.501580436,431407
9.098039627,0,1,8.764365721,3.121042465,0.501580436,431407
14.92193985,0,0,12.18391906,5.463492765,0.523605986,431410
14.61820316,0,1,12.19500159,5.463492765,0.523605986,431410
6.118881226,0,0,7.735433352,2.694627181,0.487249545,431413
7.83289814,0,1,7.741533589,2.694627181,0.487249545,431413
9.626811981,0,0,9.037652264,3.845883203,0.496519145,431415
8.416311264,0,1,9.043222649,3.845883203,0.496519145,431415
4.524887085,0,0,7.700747795,0.476234179,0.475135624,431417
12.73885345,0,1,7.687538766,0.476234179,0.475135624,431417
11.84834099,0,0,8.989444293,2.551786179,0.510177954,431420
11.86165524,0,1,8.987821625,2.551786179,0.510177954,431420
7.392804146,0,0,8.30844552,2.260720889,0.494588472,431430
7.151664734,0,1,8.306225216,2.260720889,0.494588472,431430
12.72609806,0,0,12.74272097,5.317580633,0.530277968,431440
12.42165375,0,1,12.74738189,5.317580633,0.530277968,431440
10.18181801,0,0,8.612503371,4.108576144,0.499421073,431442
8.675221443,0,1,8.624072553,4.108576144,0.499421073,431442
10.75681877,0,0,7.864419905,3.606584211,0.493036212,431445
4.222648621,0,1,7.868254266,3.606584211,0.493036212,431445
11.23069763,0,0,7.667158255,1.583093937,0.478873239,431446
8.466604233,0,1,7.656810091,1.583093937,0.478873239,431446
8.979413033,0,0,8.426392827,2.237513096,0.482442407,431447
10.30927849,0,1,8.423321976,2.237513096,0.482442407,431447
9.272918701,0,0,8.464846711,3.753964701,0.493662442,431449
10.93125916,0,1,8.472823244,3.753964701,0.493662442,431449
8.378170967,0,0,9.473473572,1.736951233,0.500704225,431450
8.709727287,0,1,9.468387639,1.736951233,0.500704225,431450
8.121077538,0,0,7.904334842,2.246014742,0.492927095,431455
6.343283653,0,1,7.882692206,2.246014742,0.492927095,431455
8.903512955,0,0,9.936245117,1.72455072,0.490549871,431460
8.738051414,0,1,9.940638818,1.72455072,0.490549871,431460
12.14158916,0,0,9.278653012,3.821441627,0.505036108,431470
11.42322063,0,1,9.273315171,3.821441627,0.505036108,431470
10.47619057,0,0,7.649692624,3.433987204,0.492811106,431475
10.44138622,0,1,7.65349491,3.433987204,0.492811106,431475
8.782936096,0,0,8.290292591,2.032087845,0.485610578,431477
10.78505135,0,1,8.291045131,2.032087845,0.485610578,431477
6.307339668,0,0,7.463936604,2.863343086,0.472,431478
8.106543541,0,1,7.448333861,2.863343086,0.472,431478
12.7926693,0,0,10.42266818,5.264657165,0.498221216,431480
11.76539803,0,1,10.44444463,5.264657165,0.498221216,431480
13.03174686,0,0,14.20245929,7.95068571,0.536107755,431490
12.61793518,0,1,14.20824092,7.95068571,0.536107755,431490
6.899123669,0,0,8.587278799,3.075005454,0.501570294,431500
5.460365295,0,1,8.56959587,3.075005454,0.501570294,431500
7.012076378,0,0,7.850493181,3.18138162,0.502753737,431505
8.228839874,0,1,7.842278779,3.18138162,0.502753737,431505
6.235827446,0,0,7.475339237,2.791165108,0.494600432,431507
6.93240881,0,1,7.440733707,2.791165108,0.494600432,431507
13.07977772,0,0,9.285447844,3.628067315,0.498010987,431510
10.68673897,0,1,9.281450999,3.628067315,0.498010987,431510
7.506702423,0,0,7.531016332,2.867898902,0.491733333,431513
8.130081177,0,1,7.513163545,2.867898902,0.491733333,431513
10.45556355,0,0,7.892825526,3.917209532,0.472624799,431514
13.30376911,0,1,7.911690521,3.917209532,0.472624799,431514
7.071024418,0,0,8.758412389,3.181796817,0.483530748,431515
7.538872242,0,1,8.76029622,3.181796817,0.483530748,431515
5.870841503,0,0,7.622663951,2.448415541,0.4605,431517
8.806262016,0,1,7.619233416,2.448415541,0.4605,431517
8.097166061,0,0,8.342601681,3.005187432,0.49360058,431520
7.646356106,0,1,8.336150816,3.005187432,0.49360058,431520
12.96060944,0,0,10.06942563,1.989243274,0.512271404,431530
11.36508179,0,1,10.06709339,1.989243274,0.512271404,431530
11.38828659,0,0,7.519692404,1.89009537,0.498591549,431531
5.425935745,0,1,7.524021415,1.89009537,0.498591549,431531
6.759160519,0,0,7.941295571,1.60743591,0.466051661,431532
4.973357201,0,1,7.944492164,1.60743591,0.466051661,431532
9.992111206,0,0,8.243545508,2.793003907,0.507528059,431535
12.06399155,0,1,8.247743887,2.793003907,0.507528059,431535
19.38374329,0,0,9.299906815,3.519572834,0.490315007,431540
14.14709377,0,1,9.315420848,3.519572834,0.490315007,431540
5.44959116,0,0,7.697121317,2.85991255,0.503016241,431545
4.100227833,0,1,7.69211334,2.85991255,0.503016241,431545
10.09544754,0,0,9.701616136,2.80819715,0.506908953,431550
12.18243027,0,1,9.700391697,2.80819715,0.506908953,431550
8.057554245,0,0,8.153349758,2.725235026,0.485619469,431555
9.660421371,0,1,8.121480375,2.725235026,0.485619469,431555
14.2968235,0,0,12.24066246,4.287578583,0.518410165,431560
13.70166206,0,1,12.24837035,4.287578583,0.518410165,431560
10.51467896,0,0,10.56869811,2.908539062,0.512702509,431570
11.58340836,0,1,10.57049608,2.908539062,0.512702509,431570
9.446396828,0,0,8.423321976,2.894253105,0.491224018,431575
8.526453972,0,1,8.431635303,2.894253105,0.491224018,431575
9.531664848,0,0,9.297526734,3.897721221,0.505056398,431580
11.57280827,0,1,9.30928032,3.897721221,0.505056398,431580
12.27097034,0,0,8.690978417,4.234541193,0.504440188,431590
12.76452827,0,1,8.692993531,4.234541193,0.504440188,431590
7.039499283,0,0,7.846589975,2.155244505,0.482325216,431595
6.685017586,0,1,7.835183755,2.155244505,0.482325216,431595
13.39545727,0,0,9.933240511,4.188290175,0.498742623,431600
11.78288555,0,1,9.94362131,4.188290175,0.498742623,431600
9.776273727,0,0,9.272187775,3.193352868,0.509930535,431610
9.104561806,0,1,9.275659838,3.193352868,0.509930535,431610
10.77973366,0,0,8.624431942,3.085572978,0.507430228,431620
7.935076714,0,1,8.616133139,3.085572978,0.507430228,431620
7.658643246,0,0,8.897272113,3.033990986,0.497153964,431630
9.468916893,0,1,8.891098831,3.033990986,0.497153964,431630
9.805123329,0,0,10.6163148,2.207174908,0.513662578,431640
11.01164913,0,1,10.61521112,2.207174908,0.513662578,431640
10.08591747,0,0,7.892452044,3.50134433,0.484007707,431642
8.594918251,0,1,7.892078421,3.50134433,0.484007707,431642
9.339328766,0,0,7.969357742,2.561095788,0.515510631,431643
11.45833302,0,1,7.95927596,2.561095788,0.515510631,431643
12.01612949,0,0,9.425451752,3.153163282,0.505218855,431645
12.38938046,0,1,9.430278792,3.153163282,0.505218855,431645
6.866642475,0,0,7.92551898,3.345684672,0.484076433,431647
10.48066521,0,1,7.927685046,3.345684672,0.484076433,431647
9.243928909,0,0,8.888480848,4.213460043,0.49429376,431650
12.16345501,0,1,8.906122331,4.213460043,0.49429376,431650
10.19266605,0,0,9.68595324,3.416742593,0.505366552,431660
10.71937561,0,1,9.692087278,3.416742593,0.505366552,431660
13.11623669,0,0,9.087494542,2.202764758,0.508324839,431670
10.23657894,0,1,9.075894275,2.202764758,0.508324839,431670
12.32394409,0,0,7.440733707,2.116255515,0.49305136,431673
6.478209496,0,1,7.436027816,2.116255515,0.49305136,431673
8.981058121,0,0,8.719970757,4.185859671,0.500614358,431675
10.51609802,0,1,8.737933858,4.185859671,0.500614358,431675
13.01933765,0,0,11.73888106,5.083885756,0.518956866,431680
13.0153389,0,1,11.75016914,5.083885756,0.518956866,431680
12.39280033,0,0,12.52393347,4.983469626,0.526362769,431690
12.74157524,0,1,12.53288769,4.983469626,0.526362769,431690
13.31009388,0,0,8.750049422,3.769537357,0.487692054,431695
7.901390553,0,1,8.755264763,3.769537357,0.487692054,431695
10.06036186,0,0,7.818027939,0.90016135,0.459183673,431697
9.225831985,0,1,7.826842098,0.90016135,0.459183673,431697
8.052102089,0,0,9.041329829,1.757857918,0.494176171,431700
6.285578728,0,1,9.038840054,1.757857918,0.494176171,431700
13.51351357,0,0,11.3304919,2.473171394,0.522506791,431710
14.32979012,0,1,11.32214019,2.473171394,0.522506791,431710
13.52121258,0,0,11.18387958,4.941856685,0.511817108,431720
13.81506062,0,1,11.19139701,4.941856685,0.511817108,431720
4.491858482,0,0,7.484930283,3.168003494,0.483139535,431725
6.737787724,0,1,7.484368643,3.168003494,0.483139535,431725
12.65662193,0,0,10.35853616,1.776645831,0.50083898,431730
12.78788662,0,1,10.35303334,1.776645831,0.50083898,431730
10.88567066,0,0,10.83204277,3.012097628,0.519655193,431740
12.38371754,0,1,10.83263528,3.012097628,0.519655193,431740
12.9136095,0,0,11.27605057,4.71930212,0.520340872,431750
13.04226685,0,1,11.27770933,4.71930212,0.520340872,431750
5.464480877,0,0,7.694392803,2.83085763,0.480130902,431755
7.269423008,0,1,7.694848072,2.83085763,0.480130902,431755
10.74651146,0,0,10.64019697,3.632309103,0.502179665,431760
11.2206974,0,1,10.64922718,3.632309103,0.502179665,431760
9.161255836,0,0,9.327500992,1.87946505,0.502319358,431770
8.770359993,0,1,9.315690888,1.87946505,0.502319358,431770
7.302823544,0,0,7.62754439,2.279316466,0.506794162,431775
6.806028366,0,1,7.629489916,2.279316466,0.506794162,431775
13.79022121,0,0,9.572062557,3.395849775,0.512385452,431780
13.65853691,0,1,9.570877847,3.395849775,0.512385452,431780
10.90416527,0,0,9.600014794,3.668421612,0.499930449,431790
8.673261642,0,1,9.598794951,3.668421612,0.499930449,431790
11.22694492,0,0,7.821643126,2.973997781,0.496546119,431795
9.66183567,0,1,7.814399634,2.973997781,0.496546119,431795
11.65094757,0,0,11.0522383,2.836150204,0.509526358,431800
12.81216717,0,1,11.04925375,2.836150204,0.509526358,431800
7.518796921,0,0,8.025843344,3.612538221,0.497607656,431805
7.182500839,0,1,8.030409562,3.612538221,0.497607656,431805
10.99406815,0,0,9.881037424,2.038619547,0.506959593,431810
8.925365448,0,1,9.874933745,2.038619547,0.506959593,431810
12.14857578,0,0,9.975063751,1.835776355,0.493499537,431820
13.64332485,0,1,9.981235321,1.835776355,0.493499537,431820
12.20251369,0,0,11.04598913,2.48740353,0.512966487,431830
13.25199509,0,1,11.048888,2.48740353,0.512966487,431830
12.30769253,0,0,10.0604913,3.162940193,0.501852354,431840
11.22019672,0,1,10.07107611,3.162940193,0.501852354,431840
8.661580086,0,0,8.486527777,3.318178026,0.491959374,431842
8.467575073,0,1,8.483843212,3.318178026,0.491959374,431842
11.68488503,0,0,7.883446354,3.432049845,0.517267552,431843
8.679244995,0,1,7.881937489,3.432049845,0.517267552,431843
9.119606972,0,0,7.955425089,3.157000421,0.502883922,431844
6.322444916,0,1,7.952966791,3.157000421,0.502883922,431844
8.020415306,0,0,7.916807491,3.322875415,0.49375,431845
8.037998199,0,1,7.910223707,3.322875415,0.49375,431845
10,0,0,7.696212639,3.062455906,0.484573503,431846
7.787448406,0,1,7.683403681,3.062455906,0.484573503,431846
9.280217171,0,0,8.393442384,4.156693187,0.489985344,431848
7.844016075,0,1,8.41272117,4.156693187,0.489985344,431848
10.77682972,0,0,7.708410667,3.342154841,0.488636364,431849
8.554704666,0,1,7.701652363,3.342154841,0.488636364,431849
10.80034256,0,0,10.19805834,3.127199036,0.490138415,431850
11.56583595,0,1,10.20710449,3.127199036,0.490138415,431850
9.976113319,0,0,8.870241567,3.026261479,0.51013905,431860
8.154084206,0,1,8.870241567,3.026261479,0.51013905,431860
8.032128334,0,0,7.714677474,3.563032744,0.494716619,431861
13.69863033,0,1,7.731492029,3.563032744,0.494716619,431861
12.173913,0,0,8.14612951,1.029619417,0.485410334,431862
15.55299568,0,1,8.15564927,1.029619417,0.485410334,431862
13.49398613,0,0,12.33266124,7.64194363,0.513085802,431870
12.56305599,0,1,12.34443361,7.64194363,0.513085802,431870
10.84808159,0,0,10.70378365,3.052585085,0.498434274,431880
10.07992077,0,1,10.70461432,3.052585085,0.498434274,431880
11.79572964,0,0,10.47070296,3.283539338,0.513051279,431890
13.72354031,0,1,10.46661147,3.283539338,0.513051279,431890
11.2716074,0,0,9.957738967,4.362461479,0.509575685,431900
10.70653725,0,1,9.965804859,4.362461479,0.509575685,431900
7.867282391,0,0,8.673683988,3.515418526,0.508401178,431910
11.50807285,0,1,8.665440768,3.515418526,0.508401178,431910
9.371221542,0,0,8.104099056,1.564440547,0.48547329,431912
10.87941933,0,1,8.104099056,1.564440547,0.48547329,431912
11.53896046,0,0,8.950662496,1.796747011,0.477159412,431915
9.317975998,0,1,8.954415331,1.796747011,0.477159412,431915
8.152645111,0,0,8.659560433,2.468099531,0.492579012,431920
9.944172859,0,1,8.648922962,2.468099531,0.492579012,431920
7.36908102,0,0,8.760609848,3.347444926,0.492771842,431930
7.720182896,0,1,8.750366278,3.347444926,0.492771842,431930
10.71025944,0,0,8.174139343,4.539884719,0.492307692,431935
11.71221447,0,1,8.192016915,4.539884719,0.492307692,431935
12.14574909,0,0,7.588829878,3.160822893,0.50583245,431936
14.12714386,0,1,7.596392304,3.160822893,0.50583245,431936
11.40556908,0,0,8.000014094,3.284288963,0.49321267,431937
6.695681095,0,1,8.002024818,3.284288963,0.49321267,431937
9.107142448,0,0,9.729134165,2.930660277,0.508186706,431940
9.651474953,0,1,9.727644962,2.930660277,0.508186706,431940
14.39641094,0,0,10.10724439,5.282238796,0.510395769,431950
13.82021523,0,1,10.11960649,5.282238796,0.510395769,431950
9.939869881,0,0,10.10426279,2.380471632,0.505126481,431960
8.923820496,0,1,10.10307584,2.380471632,0.505126481,431960
10.4338274,0,0,8.20028826,3.159550359,0.501376652,431970
11.05888844,0,1,8.188689124,3.159550359,0.501376652,431970
8.892841339,0,0,7.718240952,3.157000421,0.487084871,431971
7.968127728,0,1,7.723562472,3.157000421,0.487084871,431971
10.90512562,0,0,7.919719761,3.199489111,0.480544012,431973
13.07664394,0,1,7.921535632,3.199489111,0.480544012,431973
9.962049484,0,0,7.65349491,4.104129863,0.488683128,431975
9.425070763,0,1,7.668561108,4.104129863,0.488683128,431975
10.3774662,0,0,9.078978054,1.971299383,0.501658768,431980
11.26792622,0,1,9.082734247,1.971299383,0.501658768,431980
15.14806938,0,0,11.27912533,6.295505825,0.506714676,431990
14.42936134,0,1,11.28910669,6.295505825,0.506714676,431990
14.60595894,0,0,11.83321025,7.716866063,0.513221897,432000
13.80486679,0,1,11.84174708,7.716866063,0.513221897,432000
12.12784576,0,0,10.03626866,4.098170567,0.517547569,432010
11.80709267,0,1,10.05285538,4.098170567,0.517547569,432010
14.86123562,0,0,9.320986892,3.587676949,0.509130953,432020
13.43724823,0,1,9.319553457,3.587676949,0.509130953,432020
10.10759735,0,0,8.028455164,3.228430038,0.491531053,432023
8.814887047,0,1,8.025189322,3.228430038,0.491531053,432023
7.876154423,0,0,8.904358542,3.364879119,0.483375244,432026
11.37286758,0,1,8.910450756,3.364879119,0.483375244,432026
10.92469788,0,0,8.542080907,3.32323584,0.512477176,432030
11.09813118,0,1,8.545391846,3.32323584,0.512477176,432030
12.81163406,0,0,7.9683195,2.950734908,0.5,432032
9.358752251,0,1,7.966239777,2.950734908,0.5,432032
9.879253387,0,0,8.606302366,2.913979772,0.487110427,432035
9.301477432,0,1,8.613775289,2.913979772,0.487110427,432035
11.91391277,0,0,9.655795128,4.469235909,0.501929418,432040
13.47078133,0,1,9.68059397,4.469235909,0.501929418,432040
5.764966965,0,0,7.720905252,3.131136911,0.478298992,432045
8.49731636,0,1,7.703459048,3.131136911,0.478298992,432045
7.550200939,0,0,8.736328721,2.661657162,0.51620591,432050
8.759123802,0,1,8.718663567,2.661657162,0.51620591,432050
9.026434898,0,0,8.732949524,3.145444547,0.498461538,432055
8.165225983,0,1,8.74544368,3.145444547,0.498461538,432055
8.874358177,0,0,7.669028289,2.793616089,0.490583804,432057
8.438818932,0,1,7.660585462,2.793616089,0.490583804,432057
6.917755604,0,0,8.269500767,3.132009892,0.494534097,432060
9.781209946,0,1,8.263332667,3.132009892,0.494534097,432060
8.028903961,0,0,7.820439515,3.02916705,0.498979175,432065
10.86082077,0,1,7.817625443,3.02916705,0.498979175,432065
9.136372566,0,0,9.249368759,2.982647034,0.4818236,432067
8.459911346,0,1,9.249945627,2.982647034,0.4818236,432067
12.8162117,0,0,9.609317814,4.696289779,0.510466989,432070
11.44348526,0,1,9.61460476,4.696289779,0.510466989,432070
12.4014616,0,0,10.34836566,3.209229448,0.509752363,432080
12.50799751,0,1,10.35178863,3.209229448,0.509752363,432080
10.16719341,0,0,8.395251521,3.77505715,0.491164367,432085
12.56168652,0,1,8.410498453,3.77505715,0.491164367,432085
13.52433872,0,0,9.962746536,4.389622711,0.512103896,432090
14.91219902,0,1,9.990078008,4.389622711,0.512103896,432090
11.48467159,0,0,9.287023597,4.063025879,0.512538285,432100
12.86917877,0,1,9.288134399,4.063025879,0.512538285,432100
10.5694809,0,0,9.759270702,3.026261479,0.508870046,432110
10.48689175,0,1,9.763650607,3.026261479,0.508870046,432110
12.66887474,0,0,10.95201634,4.782060353,0.508335926,432120
11.98504448,0,1,10.95772989,4.782060353,0.508335926,432120
13.18267441,0,0,10.20658765,4.31160417,0.513682355,432130
11.86965466,0,1,10.20979509,4.31160417,0.513682355,432130
9.737098694,0,0,8.033009499,3.653252276,0.48853675,432132
11.00679874,0,1,8.037866235,3.653252276,0.48853675,432132
6.49467802,0,0,8.620291149,2.181546765,0.481031583,432135
6.664265156,0,1,8.623533227,2.181546765,0.481031583,432135
14.22981167,0,0,9.550733483,3.703275334,0.510678621,432140
13.68105984,0,1,9.548454118,3.703275334,0.510678621,432140
9.09866333,0,0,9.263975921,4.243769809,0.497975299,432143
10.71932316,0,1,9.27902653,4.243769809,0.497975299,432143
13.28636169,0,0,10.30243144,5.028344228,0.504143444,432145
12.26383781,0,1,10.32607195,5.028344228,0.504143444,432145
12.08981037,0,0,7.97074039,3.171784217,0.496328928,432146
13.38366508,0,1,7.982757702,3.171784217,0.496328928,432146
7.926639557,0,0,8.769351708,3.316002536,0.494195945,432147
7.525870323,0,1,8.75431854,3.316002536,0.494195945,432147
7.684597492,0,0,8.004031508,2.676903472,0.471205962,432149
6.024096489,0,1,7.999007213,2.676903472,0.471205962,432149
13.94579029,0,0,10.51480084,5.376851244,0.514225531,432150
15.90125084,0,1,10.52787398,5.376851244,0.514225531,432150
17.90672684,0,0,10.73066288,5.662856308,0.516772875,432160
17.53250885,0,1,10.75709404,5.662856308,0.516772875,432160
6.270903111,0,0,7.779885115,3.350605596,0.49394987,432162
7.939824581,0,1,7.779048645,3.350605596,0.49394987,432162
4.153686523,0,0,7.9686657,2.955430977,0.499824869,432163
4.876349926,0,1,7.95927596,2.955430977,0.499824869,432163
11.43122673,0,0,9.283590834,3.706228092,0.495350886,432166
11.74946785,0,1,9.292749508,3.706228092,0.495350886,432166
12.62489319,0,0,10.15898212,4.85616234,0.503648105,432170
11.99693394,0,1,10.17914765,4.85616234,0.503648105,432170
11.8468895,0,0,10.10557089,4.028916757,0.515974037,432180
12.08952808,0,1,10.10606098,4.028916757,0.515974037,432180
7.831120014,0,0,7.985143931,2.595254707,0.481125601,432183
10.59829044,0,1,7.97590836,2.595254707,0.481125601,432183
12.72605515,0,0,8.407155086,3.188828904,0.495548961,432185
11.6279068,0,1,8.403800504,3.188828904,0.495548961,432185
12.69313431,0,0,10.11289722,4.4918895,0.509659921,432190
12.37523365,0,1,10.11212642,4.4918895,0.509659921,432190
15.43106365,0,0,8.693161274,3.070839746,0.501641611,432195
15.60402679,0,1,8.692993531,3.070839746,0.501641611,432195
12.04862881,0,0,10.22694692,3.449987546,0.498584887,432200
12.56010914,0,1,10.2429553,3.449987546,0.498584887,432200
8.656567574,0,0,8.700680735,3.484925597,0.522380468,432210
7.177433014,0,1,8.696008609,3.484925597,0.522380468,432210
8.737440109,0,0,8.429017501,3.003204288,0.481683732,432215
8.72029686,0,1,8.432724035,3.003204288,0.481683732,432215
11.30653286,0,0,7.372746366,2.454447442,0.481246027,432218
5.685407639,0,1,7.363913501,2.454447442,0.481246027,432218
12.68038559,0,0,10.06143103,2.291524146,0.512409676,432220
11.30856228,0,1,10.06963738,2.291524146,0.512409676,432220
15.29902649,0,0,8.369620827,4.188138442,0.472986748,432225
14.90142155,0,1,8.394121194,4.188138442,0.472986748,432225
9.166859627,0,0,9.061608318,3.325395668,0.515484399,432230
9.800490379,0,1,9.051696279,3.325395668,0.515484399,432230
12.22222233,0,0,8.188689124,2.631169157,0.495173197,432232
10.02227211,0,1,8.185907481,2.631169157,0.495173197,432232
7.894736767,0,0,7.731930722,2.897016301,0.484756098,432234
6.181015491,0,1,7.717796211,2.897016301,0.484756098,432234
11.24497986,0,0,7.820037989,1.403642999,0.491836735,432237
8.464328766,0,1,7.813591553,1.403642999,0.491836735,432237
14.28494263,0,0,11.77203058,3.08876714,0.5136206,432240
13.72916508,0,1,11.77313356,3.08876714,0.5136206,432240
15.06938457,0,0,11.07547421,3.363149314,0.509585602,432250
14.69386482,0,1,11.08421732,3.363149314,0.509585602,432250
10.23990631,0,0,8.136810864,2.289499853,0.492161082,432252
10.7746067,0,1,8.145549632,2.289499853,0.492161082,432252
9.218574524,0,0,9.359363643,3.518980417,0.494718787,432253
6.866952896,0,1,9.366403508,3.518980417,0.494718787,432253
11.27887917,0,0,8.611957768,4.731979033,0.497850723,432254
11.1812439,0,1,8.629449874,4.731979033,0.497850723,432254
10.09615421,0,0,7.640123173,3.420346201,0.499495968,432255
10.53639889,0,1,7.646831391,3.420346201,0.499495968,432255
11.73729134,0,0,11.14939853,4.44593996,0.505004094,432260
11.33679771,0,1,11.1588044,4.44593996,0.505004094,432260
10.89085674,0,0,10.14745282,4.349761674,0.510111329,432270
11.24513626,0,1,10.16068464,4.349761674,0.510111329,432270
11.23687363,0,0,10.10532575,4.367293635,0.513283648,432280
9.924654007,0,1,10.12202049,4.367293635,0.513283648,432280
5.530417442,0,0,7.595387279,2.852439104,0.481256332,432285
7.610350132,0,1,7.583756301,2.852439104,0.481256332,432285
9.048068047,0,0,8.576405051,2.98517676,0.50668424,432290
7.775459766,0,1,8.563504094,2.98517676,0.50668424,432290
13.68335056,0,0,12.43334765,5.074611157,0.51340524,432300
13.34629726,0,1,12.44063871,5.074611157,0.51340524,432300
10.82621098,0,0,8.568836425,3.299533728,0.488930937,432310
12.6315794,0,1,8.553910774,3.299533728,0.488930937,432310
10.05188084,0,0,8.033982735,2.54474665,0.501976285,432320
6.514657974,0,1,8.026170195,2.54474665,0.501976285,432320
9.847806931,0,0,8.117014088,3.39182022,0.495790458,432330
10.71747589,0,1,8.123557835,3.39182022,0.495790458,432330
9.099181175,0,0,7.695303135,2.64900766,0.478159851,432335
8.196721077,0,1,7.691200098,2.64900766,0.478159851,432335
7.751937866,0,0,8.386172929,3.146735147,0.498696991,432340
7.746639252,0,1,8.38935982,3.146735147,0.498696991,432340
5.043558121,0,0,8.380685947,2.117459609,0.502013741,432345
4.57980299,0,1,8.382060517,2.117459609,0.502013741,432345
10.03807545,0,0,7.9686657,3.598954747,0.505649718,432350
7.966747284,0,1,7.966239777,3.598954747,0.505649718,432350
8.67410183,0,0,7.386470849,2.576421759,0.478011472,432360
6.203474045,0,1,7.385230923,2.576421759,0.478011472,432360
8.732099533,0,0,7.959625305,3.437207819,0.494382022,432370
6.608695507,0,1,7.964503364,3.437207819,0.494382022,432370
5.735589504,0,0,8.156797047,2.596746132,0.485222382,432375
6.637806416,0,1,8.143807977,2.596746132,0.485222382,432375
9.860591888,0,0,7.986504939,3.775974161,0.496598639,432377
14.55653381,0,1,7.994632311,3.775974161,0.496598639,432377
15.98337173,0,0,9.543378146,5.322424442,0.501447644,432380
16.76410484,0,1,9.577064652,5.322424442,0.501447644,432380
